Date,ALD
1/02/2018 16:00,34.2
1/03/2018 16:00,34.31
1/04/2018 16:00,34.48
1/05/2018 16:00,34.55
1/08/2018 16:00,34.42
1/09/2018 16:00,34.5
1/10/2018 16:00,34.67
1/11/2018 16:00,34.79
1/12/2018 16:00,35.5
1/15/2018 16:00:00,35.31
1/16/2018 16:00:00,35.19
1/17/2018 16:00:00,35.04
1/18/2018 16:00:00,34.75
1/19/2018 16:00:00,34.66
1/22/2018 16:00:00,34.66
1/23/2018 16:00:00,35.01
1/24/2018 16:00:00,35.28
1/25/2018 16:00:00,34.9
1/29/2018 16:00:00,35.45
1/30/2018 16:00:00,35.14
1/31/2018 16:00:00,34.77
2/01/2018 16:00,34.86
2/02/2018 16:00,35.79
2/05/2018 16:00,35.32
2/06/2018 16:00,34.13
2/07/2018 16:00,34.45
2/08/2018 16:00,34.14
2/09/2018 16:00,34.08
2/12/2018 16:00,33.64
2/13/2018 16:00:00,33.7
2/14/2018 16:00:00,33.52
2/15/2018 16:00:00,33.15
2/16/2018 16:00:00,33.13
2/19/2018 16:00:00,33.15
2/20/2018 16:00:00,33.63
2/21/2018 16:00:00,33.9
2/22/2018 16:00:00,33.98
2/23/2018 16:00:00,34.6
2/26/2018 16:00:00,35
2/27/2018 16:00:00,36.42
2/28/2018 16:00:00,35.17
3/01/2018 16:00,34.4
3/02/2018 16:00,33.82
3/05/2018 16:00,33.35
3/06/2018 16:00,33.81
3/07/2018 16:00,33.53
3/08/2018 16:00,33.3
3/09/2018 16:00,33.38
3/12/2018 16:00,32.9
3/13/2018 16:00:00,32.74
3/14/2018 16:00:00,32.53
3/15/2018 16:00:00,31.82
3/16/2018 16:00:00,31.82
3/19/2018 16:00:00,31.63
3/20/2018 16:00:00,31.41
3/21/2018 16:00:00,31.63
3/22/2018 16:00:00,31.88
3/23/2018 16:00:00,31.67
3/26/2018 16:00:00,31.28
3/27/2018 16:00:00,31.02
3/28/2018 16:00:00,31.07
3/29/2018 16:00:00,31.4
4/03/2018 16:00,31.42
4/04/2018 16:00,31.42
4/05/2018 16:00,31.93
4/06/2018 16:00,31.78
4/09/2018 16:00,31.75
4/10/2018 16:00,31.8
4/11/2018 16:00,31.75
4/12/2018 16:00,31.8
4/13/2018 16:00:00,31.71
4/16/2018 16:00:00,31.83
4/17/2018 16:00:00,31.87
4/18/2018 16:00:00,31.8
4/19/2018 16:00:00,31.83
4/20/2018 16:00:00,31.8
4/23/2018 16:00:00,31.37
4/24/2018 16:00:00,30.97
4/26/2018 16:00:00,30.87
4/27/2018 16:00:00,30.87
4/30/2018 16:00:00,31.02
5/01/2018 16:00,31.29
5/02/2018 16:00,30.81
5/03/2018 16:00,31.05
5/04/2018 16:00,30.63
5/07/2018 16:00,30.98
5/08/2018 16:00,30.62
5/09/2018 16:00,30.43
5/10/2018 16:00,29.88
5/11/2018 16:00,30.45
5/14/2018 16:00:00,30.79
5/15/2018 16:00:00,30.62
5/16/2018 16:00:00,30.67
5/17/2018 16:00:00,30.69
5/18/2018 16:00:00,30.81
5/21/2018 16:00:00,30.46
5/22/2018 16:00:00,30.1
5/23/2018 16:00:00,29.77
5/24/2018 16:00:00,29.4
5/25/2018 16:00:00,29.43
5/28/2018 16:00:00,29.03
5/29/2018 16:00:00,28.54
5/30/2018 16:00:00,28.84
5/31/2018 16:00:00,29.42
6/01/2018 16:00,29.81
6/04/2018 16:00,29.5
6/05/2018 16:00,29.25
6/06/2018 16:00,29.18
6/07/2018 16:00,29.29
6/08/2018 16:00,29.35
6/12/2018 16:00,30.17
6/13/2018 16:00:00,30.57
6/14/2018 16:00:00,30.32
6/15/2018 16:00:00,30.55
6/18/2018 16:00:00,30.96
6/19/2018 16:00:00,31.12
6/20/2018 16:00:00,31.8
6/21/2018 16:00:00,32.32
6/22/2018 16:00:00,32.25
6/25/2018 16:00:00,32.68
6/26/2018 16:00:00,32.68
6/27/2018 16:00:00,32.6
6/28/2018 16:00:00,32.86
6/29/2018 16:00:00,32.54
7/02/2018 16:00,32.53
7/03/2018 16:00,33.03
7/04/2018 16:00,32.47
7/05/2018 16:00,32.56
7/06/2018 16:00,32.07
7/09/2018 16:00,31.21
7/10/2018 16:00,31.13
7/11/2018 16:00,31.18
7/12/2018 16:00,31.14
7/13/2018 16:00:00,30.7
7/16/2018 16:00:00,31.06
7/17/2018 16:00:00,30.66
7/18/2018 16:00:00,30.87
7/19/2018 16:00:00,31.28
7/20/2018 16:00:00,31.02
7/23/2018 16:00:00,30.73
7/24/2018 16:00:00,31.05
7/25/2018 16:00:00,31.22
7/26/2018 16:00:00,31.65
7/27/2018 16:00:00,32.01
7/30/2018 16:00:00,32.2
7/31/2018 16:00:00,32.56
8/01/2018 16:00,32.55
8/02/2018 16:00,32.64
8/03/2018 16:00,32.84
8/06/2018 16:00,32.92
8/07/2018 16:00,33.1
8/08/2018 16:00,33.23
8/09/2018 16:00,33.6
8/10/2018 16:00,33.11
8/13/2018 16:00:00,33.07
8/14/2018 16:00:00,33.15
8/15/2018 16:00:00,33.13
8/16/2018 16:00:00,33.23
8/17/2018 16:00:00,32.94
8/20/2018 16:00:00,33.22
8/21/2018 16:00:00,32.84
8/22/2018 16:00:00,32.4
8/23/2018 16:00:00,32.82
8/24/2018 16:00:00,33.06
8/27/2018 16:00:00,33.3
8/28/2018 16:00:00,30.68
8/29/2018 16:00:00,30.59
8/30/2018 16:00:00,30.01
8/31/2018 16:00:00,30.21
9/03/2018 16:00,30.23
9/04/2018 16:00,29.74
9/05/2018 16:00,30.15
9/06/2018 16:00,30.19
9/07/2018 16:00,29.75
9/10/2018 16:00,29.09
9/11/2018 16:00,29.7
9/12/2018 16:00,29.72
9/13/2018 16:00:00,29.56
9/14/2018 16:00:00,29.53
9/17/2018 16:00:00,29.69
9/18/2018 16:00:00,29.48
9/19/2018 16:00:00,29.7
9/20/2018 16:00:00,29.24
9/21/2018 16:00:00,29.33
9/24/2018 16:00:00,29.45
9/25/2018 16:00:00,29.84
9/26/2018 16:00:00,29.56
9/27/2018 16:00:00,29.36
9/28/2018 16:00:00,29.9
10/01/2018 16:00,29.53
10/02/2018 16:00,29.48
10/03/2018 16:00,29.99
10/04/2018 16:00,30.07
10/05/2018 16:00,30.09
10/08/2018 16:00,30.27
10/09/2018 16:00,29.91
10/10/2018 16:00,29.95
10/11/2018 16:00,29.47
10/12/2018 16:00,29.16
10/15/2018 16:00:00,29.4
10/16/2018 16:00:00,29.87
10/17/2018 16:00:00,29.84
10/18/2018 16:00:00,30.31
10/19/2018 16:00:00,30.17
10/22/2018 16:00:00,29.43
10/23/2018 16:00:00,28.77
10/24/2018 16:00:00,28.31
10/25/2018 16:00:00,27.61
10/26/2018 16:00:00,27.63
10/29/2018 16:00:00,27.84
10/30/2018 16:00:00,27.4
10/31/2018 16:00:00,28.26
11/01/2018 16:00,27.97
11/02/2018 16:00,27.6
11/05/2018 16:00,27.31
11/06/2018 16:00,27.23
11/07/2018 16:00,27.13
11/08/2018 16:00,27.15
11/09/2018 16:00,27.11
11/12/2018 16:00,27
11/13/2018 16:00:00,27.06
11/14/2018 16:00:00,26.92
11/15/2018 16:00:00,26.85
11/16/2018 16:00:00,26.89
11/19/2018 16:00:00,26.4
11/20/2018 16:00:00,26.3
11/21/2018 16:00:00,26.43
11/22/2018 16:00:00,26.74
11/23/2018 16:00:00,26.84
11/26/2018 16:00:00,27.17
11/27/2018 16:00:00,27.62
11/28/2018 16:00:00,27.37
11/29/2018 16:00:00,27.49
11/30/2018 16:00:00,27.53
12/03/2018 16:00,27.96
12/04/2018 16:00,27.49
12/05/2018 16:00,27.51
12/06/2018 16:00,27.55
12/07/2018 16:00,27.16
12/10/2018 16:00,26.83
12/11/2018 16:00,26.61
12/12/2018 16:00,27.11
12/13/2018 16:00:00,27.03
12/14/2018 16:00:00,26.84
12/17/2018 16:00:00,27.05
12/18/2018 16:00:00,25.57
12/19/2018 16:00:00,25.44
12/20/2018 16:00:00,25.34
12/21/2018 16:00:00,24.9
12/24/2018 14:10:00,25.28
12/27/2018 16:00:00,25.33
12/28/2018 16:00:00,25.87
12/31/2018 14:10:00,25.48
1/02/2019 16:00,25.17
1/03/2019 16:00,25.39
1/04/2019 16:00,25.71
1/07/2019 16:00,25.89
1/08/2019 16:00,26.26
1/09/2019 16:00,26.34
1/10/2019 16:00,26.51
1/11/2019 16:00,26.61
1/14/2019 16:00:00,26.51
1/15/2019 16:00:00,26.27
1/16/2019 16:00:00,26.45
1/17/2019 16:00:00,26.4
1/18/2019 16:00:00,26.28
1/21/2019 16:00:00,26.86
1/22/2019 16:00:00,26.58
1/23/2019 16:00:00,26.33
1/24/2019 16:00:00,26.66
1/25/2019 16:00:00,26.71
1/29/2019 16:00:00,26.65
1/30/2019 16:00:00,26.95
1/31/2019 16:00:00,26.84
2/01/2019 16:00,27.18
2/04/2019 16:00,27.92
2/05/2019 16:00,27.64
2/06/2019 16:00,27.57
2/07/2019 16:00,27.47
2/08/2019 16:00,27.29
2/11/2019 16:00,27.23
2/12/2019 16:00,27.67
2/13/2019 16:00:00,27.5
2/14/2019 16:00:00,27.79
2/15/2019 16:00:00,28.06
2/18/2019 16:00:00,28.23
2/19/2019 16:00:00,28.25
2/20/2019 16:00:00,27.8
2/21/2019 16:00:00,27.67
2/22/2019 16:00:00,27.04
2/25/2019 16:00:00,27.61
2/26/2019 16:00:00,28.9
2/27/2019 16:00:00,28.8
2/28/2019 16:00:00,28.6
3/01/2019 16:00,27.22
3/04/2019 16:00,27.4
3/05/2019 16:00,27.58
3/06/2019 16:00,28.24
3/07/2019 16:00,28
3/08/2019 16:00,27.66
3/11/2019 16:00,27.56
3/12/2019 16:00,27.46
3/13/2019 16:00:00,27.08
3/14/2019 16:00:00,27.38
3/15/2019 16:00:00,27.79
3/18/2019 16:00:00,28.42
3/19/2019 16:00:00,27.54
3/20/2019 16:00:00,26.61
3/21/2019 16:00:00,26.53
3/22/2019 16:00:00,26.49
3/25/2019 16:00:00,25.98
3/26/2019 16:00:00,25.84
3/27/2019 16:00:00,25.64
3/28/2019 16:00:00,26
3/29/2019 16:00:00,26.21
4/01/2019 16:00,26.19
4/02/2019 16:00,26.45
4/03/2019 16:00,26.44
4/04/2019 16:00,26.5
4/05/2019 16:00,26.72
4/08/2019 16:00,26.91
4/09/2019 16:00,27.03
4/10/2019 16:00,27.16
4/11/2019 16:00,27.19
4/12/2019 16:00,27.67
4/15/2019 16:00:00,27.35
4/16/2019 16:00:00,26.66
4/17/2019 16:00:00,26.73
4/18/2019 16:00:00,27.36
4/23/2019 16:00:00,27.81
4/24/2019 16:00:00,27.45
4/26/2019 16:00:00,27.14
4/29/2019 16:00:00,27.44
4/30/2019 16:00:00,27.21
5/01/2019 16:00,27
5/02/2019 16:00,26.86
5/03/2019 16:00,26.9
5/06/2019 16:00,26.2
5/07/2019 16:00,25.84
5/08/2019 16:00,25.68
5/09/2019 16:00,25.73
5/10/2019 16:00,26.07
5/13/2019 16:00:00,25.96
5/14/2019 16:00:00,25.73
5/15/2019 16:00:00,25.84
5/16/2019 16:00:00,26.45
5/17/2019 16:00:00,26.95
5/20/2019 16:00:00,27.01
5/21/2019 16:00:00,26.94
5/22/2019 16:00:00,26.77
5/23/2019 16:00:00,26.72
5/24/2019 16:00:00,26.47
5/27/2019 16:00:00,26.55
5/28/2019 16:00:00,27.07
5/29/2019 16:00:00,26.97
5/30/2019 16:00:00,26.49
5/31/2019 16:00:00,26.39
6/03/2019 16:00,26.41
6/04/2019 16:00,26.15
6/05/2019 16:00,26.11
6/06/2019 16:00,26.22
6/07/2019 16:00,26.19
6/11/2019 16:00,27.15
6/12/2019 16:00,27.12
6/13/2019 16:00:00,26.39
6/14/2019 16:00:00,26.47
6/17/2019 16:00:00,26.46
6/18/2019 16:00:00,26.59
6/19/2019 16:00:00,26.98
6/20/2019 16:00:00,23.4
6/21/2019 16:00:00,23.68
6/24/2019 16:00:00,24.11
6/25/2019 16:00:00,24.15
6/26/2019 16:00:00,24.11
6/27/2019 16:00:00,25
6/28/2019 16:00:00,24.75
7/01/2019 16:00,24.98
7/02/2019 16:00,25.1
7/03/2019 16:00,24.89
7/04/2019 16:00,24.95
7/05/2019 16:00,25.54
7/08/2019 16:00,25.19
7/09/2019 16:00,25.6
7/10/2019 16:00,26.09
7/11/2019 16:00,25.91
7/12/2019 16:00,25.72
7/15/2019 16:00:00,25.49
7/16/2019 16:00:00,25.4
7/17/2019 16:00:00,25.77
7/18/2019 16:00:00,25.58
7/19/2019 16:00:00,25.7
7/22/2019 16:00:00,25.91
7/23/2019 16:00:00,25.97
7/24/2019 16:00:00,26.24
7/25/2019 16:00:00,26.33
7/26/2019 16:00:00,26.13
7/29/2019 16:00:00,26.29
7/30/2019 16:00:00,26.57
7/31/2019 16:00:00,26.96
8/01/2019 16:00,27.05
8/02/2019 16:00,26.78
8/05/2019 16:00,26.67
8/06/2019 16:00,26.44
8/07/2019 16:00,26.02
8/08/2019 16:00,26.27
8/09/2019 16:00,26.7
8/12/2019 16:00,26.69
8/13/2019 16:00:00,26.34
8/14/2019 16:00:00,26.75
8/15/2019 16:00:00,25.94
8/16/2019 16:00:00,25.6
8/19/2019 16:00:00,25.83
8/20/2019 16:00:00,26.12
8/21/2019 16:00:00,26.35
8/22/2019 16:00:00,26.51
8/23/2019 16:00:00,26.93
8/26/2019 16:00:00,25.85
8/27/2019 16:00:00,24.66
8/28/2019 16:00:00,23.79
8/29/2019 16:00:00,24
8/30/2019 16:00:00,23.96
9/02/2019 16:00,24
9/03/2019 16:00,24.15
9/04/2019 16:00,24.02
9/05/2019 16:00,24.22
9/06/2019 16:00,24.78
9/09/2019 16:00,24.55
9/10/2019 16:00,25.03
9/11/2019 16:00,25.14
9/12/2019 16:00,25.03
9/13/2019 16:00:00,24.94
9/16/2019 16:00:00,25.32
9/17/2019 16:00:00,25.23
9/18/2019 16:00:00,24.96
9/19/2019 16:00:00,25.13
9/20/2019 16:00:00,25.3
9/23/2019 16:00:00,25.51
9/24/2019 16:00:00,25.51
9/25/2019 16:00:00,25.44
9/26/2019 16:00:00,25.47
9/27/2019 16:00:00,25.85
9/30/2019 16:00:00,26.32
10/01/2019 16:00,26.32
10/02/2019 16:00,26.15
10/03/2019 16:00,25.68
10/04/2019 16:00,25.84
10/07/2019 16:00,25.38
10/08/2019 16:00,25.69
10/09/2019 16:00,25.51
10/10/2019 16:00,25.43
10/11/2019 16:00,25.65
10/14/2019 16:00:00,26.35
10/15/2019 16:00:00,26.09
10/16/2019 16:00:00,26.77
10/17/2019 16:00:00,27.16
10/18/2019 16:00:00,26.92
10/21/2019 16:00:00,27.41
10/22/2019 16:00:00,27.37
10/23/2019 16:00:00,27.24
10/24/2019 16:00:00,27.59
10/25/2019 16:00:00,27.69
10/28/2019 16:00:00,28.12
10/29/2019 16:00:00,27.96
10/30/2019 16:00:00,27.74
10/31/2019 16:00:00,27.27
11/01/2019 16:00,27.38
11/04/2019 16:00,27.62
11/05/2019 16:00,27.9
11/06/2019 16:00,27.63
11/07/2019 16:00,27.52
11/08/2019 16:00,27.96
11/11/2019 16:00,28.34
11/12/2019 16:00,28.27
11/13/2019 16:00:00,28.21
11/14/2019 16:00:00,28.1
11/15/2019 16:00:00,28.4
11/18/2019 16:00:00,28.32
11/19/2019 16:00:00,28.32
11/20/2019 16:00:00,27.64
11/21/2019 16:00:00,27.7
11/22/2019 16:00:00,27.85
11/25/2019 16:00:00,29.79
11/26/2019 16:00:00,33.79
11/27/2019 16:00:00,34.48
11/28/2019 16:00:00,34.5
11/29/2019 16:00:00,34.56
12/02/2019 16:00,34.76
12/03/2019 16:00,34.49
12/04/2019 16:00,34.3
12/05/2019 16:00,34.38
12/06/2019 16:00,34.51
12/09/2019 16:00,34.5
12/10/2019 16:00,34.09
12/11/2019 16:00,34.14
12/12/2019 16:00,33.75
12/13/2019 16:00:00,34.09
12/16/2019 16:00:00,34.1
12/17/2019 16:00:00,34.35
12/18/2019 16:00:00,34.45
12/19/2019 16:00:00,34.3
12/20/2019 16:00:00,34.17
12/23/2019 16:00:00,34.14
12/24/2019 14:10:00,34.13
12/27/2019 16:00:00,34.16
12/30/2019 16:00:00,34.18
12/31/2019 14:10:00,33.95
1/02/2020 16:00,34.01
1/03/2020 16:00,34.27
1/06/2020 16:00,34.36
1/07/2020 16:00,35.05
1/08/2020 16:00,35.7
1/09/2020 16:00,35.5
1/10/2020 16:00,35.7
1/13/2020 16:00:00,35.44
1/14/2020 16:00:00,35.61
1/15/2020 16:00:00,35.56
1/16/2020 16:00:00,35.62
1/17/2020 16:00:00,34.91
1/20/2020 16:00:00,35
1/21/2020 16:00:00,34.99
1/22/2020 16:00:00,35.2
1/23/2020 16:00:00,35.19
1/24/2020 16:00:00,35.12
1/28/2020 16:00:00,34.55
1/29/2020 16:00:00,34.81
1/30/2020 16:00:00,34.58
1/31/2020 16:00:00,34.38
2/03/2020 16:00,33.77
2/04/2020 16:00,33.6
2/05/2020 16:00,33.7
2/06/2020 16:00,34.2
2/07/2020 16:00,33.5
2/10/2020 16:00,32.75
2/11/2020 16:00,32.82
2/12/2020 16:00,32.93
2/13/2020 16:00:00,33.73
2/14/2020 16:00:00,33.55
2/17/2020 16:00:00,34.85
2/18/2020 16:00:00,34.5
2/19/2020 16:00:00,34.77
2/20/2020 16:00:00,34.7
2/21/2020 16:00:00,34.51
2/24/2020 16:00:00,34.47
2/25/2020 16:00:00,34.15
2/26/2020 16:00:00,34.06
2/27/2020 16:00:00,33.72
2/28/2020 16:00:00,32.7
3/02/2020 16:00,32
3/03/2020 16:00,32.7
3/04/2020 16:00,32.51
3/05/2020 16:00,32.8
3/06/2020 16:00,32.19
3/09/2020 16:00,26.82
3/10/2020 16:00,27.5
3/11/2020 16:00,27.53
3/12/2020 16:00,24.95
3/13/2020 16:00:00,24.79
3/16/2020 16:00:00,22.9
3/17/2020 16:00:00,22.09
3/18/2020 16:00:00,19.77
3/19/2020 16:00:00,19.5
3/20/2020 16:00:00,20.5
3/23/2020 16:00:00,19
3/24/2020 16:00:00,20.51
3/25/2020 16:00:00,21
3/26/2020 16:00:00,22.62
3/27/2020 16:00:00,21.82
3/30/2020 16:00:00,22.3
3/31/2020 16:00:00,22.32
4/01/2020 16:00,23.3
4/02/2020 16:00,23.04
4/03/2020 16:00,23
4/06/2020 16:00,24.51
4/07/2020 16:00,24.65
4/08/2020 16:00,23.76
4/09/2020 16:00,24.22
4/14/2020 16:00:00,24.02
4/15/2020 16:00:00,23.53
4/16/2020 16:00:00,23.57
4/17/2020 16:00:00,23.56
4/20/2020 16:00:00,21.72
4/21/2020 16:00:00,21.98
4/22/2020 16:00:00,22.58
4/23/2020 16:00:00,22.48
4/24/2020 16:00:00,22.43
4/27/2020 16:00:00,22.86
4/28/2020 16:00:00,22.72
4/29/2020 16:00:00,23
4/30/2020 16:00:00,24.92
5/01/2020 16:00,23.4
5/04/2020 16:00,23.68
5/05/2020 16:00,24.35
5/06/2020 16:00,24.3
5/07/2020 16:00,24.34
5/08/2020 16:00,24.5
5/11/2020 16:00,25.16
5/12/2020 16:00,24.59
5/13/2020 16:00:00,24.87
5/14/2020 16:00:00,24.24
5/15/2020 16:00:00,25.17
5/18/2020 16:00:00,25.32
5/19/2020 16:00:00,26
5/20/2020 16:00:00,25.04
5/21/2020 16:00:00,25.43
5/22/2020 16:00:00,25.26
5/25/2020 16:00:00,26.25
5/26/2020 16:00:00,26.56
5/27/2020 16:00:00,26.42
5/28/2020 16:00:00,26.75
5/29/2020 16:00:00,27.09
6/01/2020 16:00,27.4
6/02/2020 16:00,27.6
6/03/2020 16:00,27.95
6/04/2020 16:00,28.27
6/05/2020 16:00,28.27
6/09/2020 16:00,28.4
6/10/2020 16:00,28.52
6/11/2020 16:00,27.87
6/12/2020 16:00,27.83
6/15/2020 16:00:00,27.14
6/16/2020 16:00:00,28.7
6/17/2020 16:00:00,28.76
6/18/2020 16:00:00,28.07
6/19/2020 16:00:00,28.4
6/22/2020 16:00:00,28.5
6/23/2020 16:00:00,28.5
6/24/2020 16:00:00,28.5
6/25/2020 16:00:00,27.53
6/26/2020 16:00:00,27.91
6/29/2020 16:00:00,28.19
6/30/2020 16:00:00,29.32
7/01/2020 16:00,28.21
7/02/2020 16:00,28.95
7/03/2020 16:00,28.48
7/06/2020 16:00,28.09
7/07/2020 16:00,27.97
7/08/2020 16:00,27.85
7/09/2020 16:00,27.92
7/10/2020 16:00,28.1
7/13/2020 16:00:00,28.34
7/14/2020 16:00:00,27.96
7/15/2020 16:00:00,28.06
7/16/2020 16:00:00,27.92
7/17/2020 16:00:00,27.81
7/20/2020 16:00:00,27.02
7/21/2020 16:00:00,27.46
7/22/2020 16:00:00,27.8
7/23/2020 16:00:00,27.8
7/24/2020 16:00:00,27.53
7/27/2020 16:00:00,27.71
7/28/2020 16:00:00,27.4
7/29/2020 16:00:00,26.9
7/30/2020 16:00:00,27.24
7/31/2020 16:00:00,26.28
8/03/2020 16:00,27.54
8/04/2020 16:00,28.14
8/05/2020 16:00,28.25
8/06/2020 16:00,28.88
8/07/2020 16:00,29.04
8/10/2020 16:00,29.75
8/11/2020 16:00,29.57
8/12/2020 16:00,29.47
8/13/2020 16:00:00,29.3
8/14/2020 16:00:00,29.84
8/17/2020 16:00:00,28.76
8/18/2020 16:00:00,28.9
8/19/2020 16:00:00,28.63
8/20/2020 16:00:00,27.9
8/21/2020 16:00:00,28.4
8/24/2020 16:00:00,28.2
8/25/2020 16:00:00,26.96
8/26/2020 16:00:00,27.06
8/27/2020 16:00:00,26.97
8/28/2020 16:00:00,25.9
8/31/2020 16:00:00,26.02
9/01/2020 16:00,25.62
9/02/2020 16:00,26.59
9/03/2020 16:00,26.3
9/04/2020 16:00,25
9/07/2020 16:00,24.39
9/08/2020 16:00,24.69
9/09/2020 16:00,24.19
9/10/2020 16:00,23.95
9/11/2020 16:00,23.63
9/14/2020 16:00:00,24.02
9/15/2020 16:00:00,23.52
9/16/2020 16:00:00,23.47
9/17/2020 16:00:00,23.57
9/18/2020 16:00:00,23.56
9/21/2020 16:00:00,23.74
9/22/2020 16:00:00,23.09
9/23/2020 16:00:00,23.65
9/24/2020 16:00:00,23.52
9/25/2020 16:00:00,23.65
9/28/2020 16:00:00,23.77
9/29/2020 16:00:00,24.28
9/30/2020 16:00:00,23.95
10/01/2020 16:00,23.6
10/02/2020 16:00,22.89
10/05/2020 16:00,23.58
10/06/2020 16:00,24.06
10/07/2020 16:00,24.31
10/08/2020 16:00,24.6
10/09/2020 16:00,24.54
10/12/2020 16:00,24.6
10/13/2020 16:00:00,24.6
10/14/2020 16:00:00,24.92
10/15/2020 16:00:00,25.11
10/16/2020 16:00:00,25.1
10/19/2020 16:00:00,25.42
10/20/2020 16:00:00,26.18
10/21/2020 16:00:00,26.06
10/22/2020 16:00:00,25.7
10/23/2020 16:00:00,25.84
10/26/2020 16:00:00,25.98
10/27/2020 16:00:00,25.78
10/28/2020 16:00:00,25.66
10/29/2020 16:00:00,25.41
10/30/2020 16:00:00,25.94
11/02/2020 16:00,25.36
11/03/2020 16:00,25.88
11/04/2020 16:00,25.43
11/05/2020 16:00,25.3
11/06/2020 16:00,25.66
11/09/2020 16:00,26.3
11/10/2020 16:00,27.71
11/11/2020 16:00,28.15
11/12/2020 16:00,27.89
11/13/2020 16:00:00,27.59
11/16/2020 16:00:00,28.03
11/17/2020 16:00:00,28.68
11/18/2020 16:00:00,28.38
11/19/2020 16:00:00,28.45
11/20/2020 16:00:00,28.43
11/23/2020 16:00:00,29.75
11/24/2020 16:00:00,30.1
11/25/2020 16:00:00,31.14
11/26/2020 16:00:00,30.97
11/27/2020 16:00:00,30.63
11/30/2020 16:00:00,30.65
12/01/2020 16:00,30.86
12/02/2020 16:00,30.68
12/03/2020 16:00,30.85
12/04/2020 16:00,30.77
12/07/2020 16:00,30.85
12/08/2020 16:00,30.68
12/09/2020 16:00,30.41
12/10/2020 16:00,30.5
12/11/2020 16:00,30.84
12/14/2020 16:00:00,30.64
12/15/2020 16:00:00,30.09
12/16/2020 16:00:00,29.6
12/17/2020 16:00:00,29.93
12/18/2020 16:00:00,28.51
12/21/2020 16:00:00,28.48
12/22/2020 16:00:00,27.84
12/23/2020 16:00:00,28.17
12/24/2020 16:00:00,28.34
12/29/2020 16:00:00,28.33
12/30/2020 16:00:00,28.44
12/31/2020 16:00:00,28.42
1/04/2021 16:00,28.24
1/05/2021 16:00,28.08
1/06/2021 16:00,27.74
1/07/2021 16:00,28.24
1/08/2021 16:00,28.61
1/11/2021 16:00,27.93
1/12/2021 16:00,28.08
1/13/2021 16:00:00,28.55
1/14/2021 16:00:00,28.58
1/15/2021 16:00:00,28.85
1/18/2021 16:00:00,29.99
1/19/2021 16:00:00,30.39
1/20/2021 16:00:00,31
1/21/2021 16:00:00,30.85
1/22/2021 16:00:00,30.75
1/25/2021 16:00:00,29.24
1/27/2021 16:00:00,27.8
1/28/2021 16:00:00,26.46
1/29/2021 16:00:00,26.17
2/01/2021 16:00,26.3
2/02/2021 16:00,26.25
2/03/2021 16:00,26.87
2/04/2021 16:00,26.64
2/05/2021 16:00,26.86
2/08/2021 16:00,27.03
2/09/2021 16:00,26.74
2/10/2021 16:00,27.08
2/11/2021 16:00,27
2/12/2021 16:00,26.75
2/15/2021 16:00:00,27
2/16/2021 16:00:00,27.59
2/17/2021 16:00:00,27.32
2/18/2021 16:00:00,27.08
2/19/2021 16:00:00,26.49
2/22/2021 16:00:00,25.77
2/23/2021 16:00:00,26
2/24/2021 16:00:00,25.58
2/25/2021 16:00:00,25.41
2/26/2021 16:00:00,24.58
3/01/2021 16:00,24.78
3/02/2021 16:00,24.33
3/03/2021 16:00,24.1
3/04/2021 16:00,24.11
3/05/2021 16:00,23.9
3/08/2021 16:00,23.75
3/09/2021 16:00,23.89
3/10/2021 16:00,23.4
3/11/2021 16:00,23.79
3/12/2021 16:00,23.9
3/15/2021 16:00:00,23.53
3/16/2021 16:00:00,23.71
3/17/2021 16:00:00,23.45
3/18/2021 16:00:00,23.25
3/19/2021 16:00:00,22.92
3/22/2021 16:00:00,24.22
3/23/2021 16:00:00,24.56
3/24/2021 16:00:00,24.94
3/25/2021 16:00:00,24.95
3/26/2021 16:00:00,25.08
3/29/2021 16:00:00,25.13
3/30/2021 16:00:00,24.65
3/31/2021 16:00:00,24.55
4/01/2021 16:00,24.52
4/06/2021 16:00,24.53
4/07/2021 16:00,24.57
4/08/2021 16:00,24.9
4/09/2021 16:00,24.57
4/12/2021 16:00,24.5
4/13/2021 16:00:00,24.25
4/14/2021 16:00:00,24.41
4/15/2021 16:00:00,25.73
4/16/2021 16:00:00,25.9
4/19/2021 16:00:00,26.03
4/20/2021 16:00:00,25.71
4/21/2021 16:00:00,25.54
4/22/2021 16:00:00,25.48
4/23/2021 16:00:00,25.26
4/26/2021 16:00:00,25.17
4/27/2021 16:00:00,25.29
4/28/2021 16:00:00,25.33
4/29/2021 16:00:00,25.72
4/30/2021 16:00:00,25.59
5/03/2021 16:00,25.93
5/04/2021 16:00,26.52
5/05/2021 16:00,26.38
5/06/2021 16:00,26.28
5/07/2021 16:00,26.52
5/10/2021 16:00,26.97
5/11/2021 16:00,26.5
5/12/2021 16:00,26.07
5/13/2021 16:00:00,25.87
5/14/2021 16:00:00,25.93
5/17/2021 16:00:00,27.51
5/18/2021 16:00:00,27.91
5/19/2021 16:00:00,27.83
5/20/2021 16:00:00,27.97
5/21/2021 16:00:00,28.32
5/24/2021 16:00:00,29.02
5/25/2021 16:00:00,28.97
5/26/2021 16:00:00,29.09
5/27/2021 16:00:00,29.35
5/28/2021 16:00:00,29.17
5/31/2021 16:00:00,28.55
6/01/2021 16:00,28.76
6/02/2021 16:00,28.56
6/03/2021 16:00,29.15
6/04/2021 16:00,29.63
6/07/2021 16:00,29.81
6/08/2021 16:00,29.75
6/09/2021 16:00,29.72
6/10/2021 16:00,29.65
6/11/2021 16:00,29.34
6/15/2021 16:00:00,28.97
6/16/2021 16:00:00,29.32
6/17/2021 16:00:00,29.73
6/18/2021 16:00:00,29.37
6/21/2021 16:00:00,28.93
6/22/2021 16:00:00,29.1
6/23/2021 16:00:00,28.78
6/24/2021 16:00:00,28.24
6/25/2021 16:00:00,28.17
6/28/2021 16:00:00,28.13
6/29/2021 16:00:00,28.25
6/30/2021 16:00:00,28.21
7/01/2021 16:00,27.9
7/02/2021 16:00,28.02
7/05/2021 16:00,28.85
7/06/2021 16:00,29.01
7/07/2021 16:00,28.32
7/08/2021 16:00,28.67
7/09/2021 16:00,29.09
7/12/2021 16:00,29.18
7/13/2021 16:00:00,29.22
7/14/2021 16:00:00,29.61
7/15/2021 16:00:00,29.3
7/16/2021 16:00:00,28.83
7/19/2021 16:00:00,28.55
7/20/2021 16:00:00,27.69
7/21/2021 16:00:00,28.21
7/22/2021 16:00:00,28.62
7/23/2021 16:00:00,28.77
7/26/2021 16:00:00,28.31
7/27/2021 16:00:00,28.75
7/28/2021 16:00:00,28.2
7/29/2021 16:00:00,28.48
7/30/2021 16:00:00,28.25
8/02/2021 16:00,28.92
8/03/2021 16:00,28.57
8/04/2021 16:00,28.78
8/05/2021 16:00,28.78
8/06/2021 16:00,29.04
8/09/2021 16:00,28.34
8/10/2021 16:00,28.03
8/11/2021 16:00,28.13
8/12/2021 16:00,28.44
8/13/2021 16:00:00,28.5
8/16/2021 16:00:00,28.16
8/17/2021 16:00:00,28.29
8/18/2021 16:00:00,28.09
8/19/2021 16:00:00,27.4
8/20/2021 16:00:00,27.53
8/23/2021 16:00:00,26.22
8/24/2021 16:00:00,27.29
8/25/2021 16:00:00,27.87
8/26/2021 16:00:00,27.48
8/27/2021 16:00:00,27.9
8/30/2021 16:00:00,27.95
8/31/2021 16:00:00,27.56
9/01/2021 16:00,28.04
9/02/2021 16:00,28.34
9/03/2021 16:00,28.24
9/06/2021 16:00,27.61
9/07/2021 16:00,27.9
9/08/2021 16:00,27.72
9/09/2021 16:00,27.03
9/10/2021 16:00,27.15
9/13/2021 16:00:00,27.43
9/14/2021 16:00:00,28.04
9/15/2021 16:00:00,27.66
9/16/2021 16:00:00,27.88
9/17/2021 16:00:00,27.15
9/20/2021 16:00:00,26.18
9/21/2021 16:00:00,26.93
9/22/2021 16:00:00,27.36
9/23/2021 16:00:00,27.83
9/24/2021 16:00:00,27.67
9/27/2021 16:00:00,27.79
9/28/2021 16:00:00,27.82
9/29/2021 16:00:00,27.31
9/30/2021 16:00:00,27.95
10/01/2021 16:00,28.12
10/04/2021 16:00,28.61
10/05/2021 16:00,28.64
10/06/2021 16:00,28.48
10/07/2021 16:00,28.8
10/08/2021 16:00,29.17
10/11/2021 16:00,30
10/12/2021 16:00,30.09
10/13/2021 16:00:00,30.3
10/14/2021 16:00:00,30.64
10/15/2021 16:00:00,30.6
10/18/2021 16:00:00,30.7
10/19/2021 16:00:00,30.82
10/20/2021 16:00:00,31.24
10/21/2021 16:00:00,31.36
10/22/2021 16:00:00,31.13
10/25/2021 16:00:00,31.26
10/26/2021 16:00:00,31.26
10/27/2021 16:00:00,31.21
10/28/2021 16:00:00,30.9
10/29/2021 16:00:00,30.55
11/01/2021 16:00,30.93
11/02/2021 16:00,30.84
11/03/2021 16:00,31.21
11/04/2021 16:00,31.82
11/05/2021 16:00,31.95
11/08/2021 16:00,31.8
11/09/2021 16:00,31.2
11/10/2021 16:00,30.9
11/11/2021 16:00,30.25
11/12/2021 16:00,30.83
11/15/2021 16:00:00,30.19
11/16/2021 16:00:00,30.38
11/17/2021 16:00:00,30.35
11/18/2021 16:00:00,30.26
11/19/2021 16:00:00,30.25
11/22/2021 16:00:00,30.16
11/23/2021 16:00:00,30.63
11/24/2021 16:00:00,30.64
11/25/2021 16:00:00,30.24
11/26/2021 16:00:00,29.17
11/29/2021 16:00:00,28.93
11/30/2021 16:00:00,28.67
12/01/2021 16:00,28.47
12/02/2021 16:00,28.43
12/03/2021 16:00,28.62
12/06/2021 16:00,28.57
12/07/2021 16:00,29.02
12/08/2021 16:00,28.91
12/09/2021 16:00,28.62
12/10/2021 16:00,28.22
12/13/2021 16:00:00,28.88
12/14/2021 16:00:00,28.31
12/15/2021 16:00:00,28.09
12/16/2021 16:00:00,27.79
12/17/2021 16:00:00,28.27
12/20/2021 16:00:00,27.84
12/21/2021 16:00:00,28.4
12/22/2021 16:00:00,28.88
12/23/2021 16:00:00,28.88
12/24/2021 14:10:00,28.9
12/29/2021 16:00:00,29.39
12/30/2021 16:00:00,29.46
12/31/2021 14:10:00,29.66
1/04/2022 16:00,30.04
1/05/2022 16:00,30.13
1/06/2022 16:00,29.44
1/07/2022 16:00,30.29
1/10/2022 16:00,30.01
1/11/2022 16:00,29.84
1/12/2022 16:00,30.33
1/13/2022 16:00:00,30.85
1/14/2022 16:00:00,30.63
1/17/2022 16:00:00,30.54
1/18/2022 16:00:00,31.27
1/19/2022 16:00:00,31.14
1/20/2022 16:00:00,30.75
1/21/2022 16:00:00,30.03
1/24/2022 16:00:00,29.8
1/25/2022 16:00:00,29.01
1/27/2022 16:00:00,29.11
1/28/2022 16:00:00,28.95
1/31/2022 16:00:00,29.73
2/01/2022 16:00,30.05
2/02/2022 16:00,30.5
2/03/2022 16:00,30.27
2/04/2022 16:00,30.37
2/07/2022 16:00,31.15
2/08/2022 16:00,31.04
2/09/2022 16:00,31.69
2/10/2022 16:00,32.16
2/11/2022 16:00,31.84
2/14/2022 16:00:00,32.35
2/15/2022 16:00:00,32.19
2/16/2022 16:00:00,32.18
2/17/2022 16:00:00,32.13
2/18/2022 16:00:00,31.25
2/21/2022 16:00:00,30.27
2/22/2022 16:00:00,30
2/23/2022 16:00:00,30.46
2/24/2022 16:00:00,29.98
2/25/2022 16:00:00,29.15
2/28/2022 16:00:00,29.47
3/01/2022 16:00,29.78
3/02/2022 16:00,30.65
3/03/2022 16:00,30.62
3/04/2022 16:00,29.99
